id,county_name,county_label,district_name,use_elementary_school_district,code
1,Albany,Albany,Albany,,5
2,Albany,Albany,Berne-Knox-Westerlo,,50
3,Albany,Albany,Bethlehem,,51
4,Albany,Albany,Cairo-Durham,,76
5,Albany,Albany,Cohoes,,122
6,Albany,Albany,Duanesburg,,153
7,Albany,Albany,Green Island,,236
8,Albany,Albany,Greenville,,240
9,Albany,Albany,Guilderland,,246
10,Albany,Albany,Menands,,388
11,Albany,Albany,Middleburgh,,393
12,Albany,Albany,Mohonasen,,402
13,Albany,Albany,Niskayuna,,439
14,Albany,Albany,North Colonie (including Maplewood),,443
15,Albany,Albany,Ravena-Coeymans-Selkirk,,524
16,Albany,Albany,Schalmont,,568
17,Albany,Albany,Schoharie,,572
18,Albany,Albany,South Colonie,,595
19,Albany,Albany,Voorheesville,,660
20,Albany,Albany,Watervliet,,674
21,Allegany,Allegany,Alfred-Almond,,10
22,Allegany,Allegany,Andover,,17
23,Allegany,Allegany,Arkport,,21
24,Allegany,Allegany,Belfast,,44
25,Allegany,Allegany,Bolivar-Richburg,,54
26,Allegany,Allegany,Canaseraga,,83
27,Allegany,Allegany,Canisteo-Greenwood,,86
28,Allegany,Allegany,Cuba-Rushford,,138
29,Allegany,Allegany,Dalton-Nunda (Keshequa),,320
30,Allegany,Allegany,Fillmore,,192
31,Allegany,Allegany,Friendship,,209
32,Allegany,Allegany,Genesee Valley,,18
33,Allegany,Allegany,Hinsdale,,277
34,Allegany,Allegany,Letchworth,,339
35,Allegany,Allegany,Pioneer,,498
36,Allegany,Allegany,Portville,,512
37,Allegany,Allegany,Scio,,575
38,Allegany,Allegany,Wellsville,,683
39,Allegany,Allegany,Whitesville,,702
40,Bronx,Bronx,Bronx,,68
41,Broome,Broome,Afton,,3
42,Broome,Broome,Bainbridge-Guilford,,31
43,Broome,Broome,Binghamton,,53
44,Broome,Broome,Chenango Forks,,107
45,Broome,Broome,Chenango Valley,,108
46,Broome,Broome,Cincinnatus,,113
47,Broome,Broome,Deposit,,146
48,Broome,Broome,Greene,,238
49,Broome,Broome,Harpursville,,259
50,Broome,Broome,Johnson City,,313
51,Broome,Broome,Maine Endwell,,364
52,Broome,Broome,Marathon,,372
53,Broome,Broome,Newark Valley,,432
54,Broome,Broome,South Mountain-Hickory,,720
55,Broome,Broome,Susquehanna Valley,,627
56,Broome,Broome,Union-Endicott,,651
57,Broome,Broome,Vestal,,658
58,Broome,Broome,Whitney Point,,703
59,Broome,Broome,Windsor,,710
60,Cattaraugus,Cattaraugus,Allegany-Limestone,,11
61,Cattaraugus,Cattaraugus,Cattaraugus-Little Valley,,94
62,Cattaraugus,Cattaraugus,Cuba-Rushford,,138
63,Cattaraugus,Cattaraugus,Ellicottville,,181
64,Cattaraugus,Cattaraugus,Forestville,,198
65,Cattaraugus,Cattaraugus,Franklinville,,205
66,Cattaraugus,Cattaraugus,Frewsburg,,208
67,Cattaraugus,Cattaraugus,Gowanda,,230
68,Cattaraugus,Cattaraugus,Hinsdale,,277
69,Cattaraugus,Cattaraugus,Olean,,462
70,Cattaraugus,Cattaraugus,Pine Valley,,497
71,Cattaraugus,Cattaraugus,Pioneer,,498
72,Cattaraugus,Cattaraugus,Portville,,512
73,Cattaraugus,Cattaraugus,Randolph,,522
74,Cattaraugus,Cattaraugus,Salamanca,,556
75,Cattaraugus,Cattaraugus,Springville-Griffith Institute,,244
76,Cattaraugus,Cattaraugus,Ten Broeck Academy and Franklinville,,205
77,Cattaraugus,Cattaraugus,West Valley,,690
78,Cayuga,Cayuga,Auburn,,25
79,Cayuga,Cayuga,Cato-Meridian,,92
80,Cayuga,Cayuga,Groton,,245
81,Cayuga,Cayuga,Hannibal,,257
82,Cayuga,Cayuga,Homer,,281
83,Cayuga,Cayuga,Jordan-Elbridge,,315
84,Cayuga,Cayuga,Moravia,,407
85,Cayuga,Cayuga,Oswego,,472
86,Cayuga,Cayuga,Port Byron,,507
87,Cayuga,Cayuga,Red Creek,,525
88,Cayuga,Cayuga,Skaneateles,,588
89,Cayuga,Cayuga,Southern Cayuga,,609
90,Cayuga,Cayuga,Union Springs,,650
91,Cayuga,Cayuga,Weedsport,,681
92,Chautauqua,Chautauqua,Bemus Point,,48
93,Chautauqua,Chautauqua,Brocton,,67
94,Chautauqua,Chautauqua,Cassadaga Valley,,91
95,Chautauqua,Chautauqua,Chautauqua Lake,,104
96,Chautauqua,Chautauqua,Clymer,,119
97,Chautauqua,Chautauqua,Dunkirk,,155
98,Chautauqua,Chautauqua,Falconer,,189
99,Chautauqua,Chautauqua,Forestville,,198
100,Chautauqua,Chautauqua,Fredonia,,206
101,Chautauqua,Chautauqua,Frewsburg,,208
102,Chautauqua,Chautauqua,Gowanda,,230
103,Chautauqua,Chautauqua,Jamestown,,306
104,Chautauqua,Chautauqua,Panama,,479
105,Chautauqua,Chautauqua,Pine Valley,,497
106,Chautauqua,Chautauqua,Randolph,,522
107,Chautauqua,Chautauqua,Ripley,,536
108,Chautauqua,Chautauqua,Sherman,,583
109,Chautauqua,Chautauqua,Silver Creek,,587
110,Chautauqua,Chautauqua,Southwestern,,611
111,Chautauqua,Chautauqua,Westfield Academy and Central,,692
112,Chemung,Chemung,Corning-Painted Post,,132
113,Chemung,Chemung,Elmira,,182
114,Chemung,Chemung,Elmira Heights,,183
115,Chemung,Chemung,Horseheads,,287
116,Chemung,Chemung,Newfield,,436
117,Chemung,Chemung,Odessa Montour,,460
118,Chemung,Chemung,Spencer Van Etten,,613
119,Chemung,Chemung,Watkins Glen,,675
120,Chemung,Chemung,Waverly,,676
121,Chenango,Chenango,Afton,,3
122,Chenango,Chenango,Bainbridge-Guilford,,31
123,Chenango,Chenango,Brookfield,,70
124,Chenango,Chenango,Chenango Forks,,107
125,Chenango,Chenango,Cincinnatus,,113
126,Chenango,Chenango,DeRuyter,,141
127,Chenango,Chenango,Gilbertsville-Mount. Upton,,222
128,Chenango,Chenango,Greene,,238
129,Chenango,Chenango,Harpursville,,259
130,Chenango,Chenango,Norwich,,455
131,Chenango,Chenango,Otselic Valley,,606
132,Chenango,Chenango,Oxford Academy and Central,,475
133,Chenango,Chenango,Sherburne-Earlville,,582
134,Chenango,Chenango,Sidney,,586
135,Chenango,Chenango,Unadilla Valley,,422
136,Chenango,Chenango,Whitney Point,,703
137,Clinton,Clinton,AuSable Valley,,26
138,Clinton,Clinton,Beekmantown,,43
139,Clinton,Clinton,Chateaugay,,102
140,Clinton,Clinton,Chazy,,105
141,Clinton,Clinton,Northeastern Clinton,,418
142,Clinton,Clinton,Northern Adirondack,,453
143,Clinton,Clinton,Peru,,492
144,Clinton,Clinton,Plattsburgh,,503
145,Clinton,Clinton,Saranac,,560
146,Clinton,Clinton,Saranac Lake,,561
147,Columbia,Columbia,Chatham,,103
148,Columbia,Columbia,East Greenbush,,158
149,Columbia,Columbia,Germantown,,221
150,Columbia,Columbia,Hudson,,289
151,Columbia,Columbia,Ichabod Crane,,294
152,Columbia,Columbia,New Lebanon,,426
153,Columbia,Columbia,Pine Plains,,496
154,Columbia,Columbia,Red Hook,,526
155,Columbia,Columbia,Schodack,,571
156,Columbia,Columbia,Taconic Hills,,632
157,Columbia,Columbia,Webutuck,,680
158,Cortland,Cortland,Cincinnatus,,113
159,Cortland,Cortland,Cortland,,134
160,Cortland,Cortland,DeRuyter,,141
161,Cortland,Cortland,Dryden,,152
162,Cortland,Cortland,Fabius-Pompey,,187
163,Cortland,Cortland,Greene,,238
164,Cortland,Cortland,Groton,,245
165,Cortland,Cortland,Homer,,281
166,Cortland,Cortland,Marathon,,372
167,Cortland,Cortland,McGraw,,385
168,Cortland,Cortland,Newark Valley,,432
169,Cortland,Cortland,Tully,,646
170,Cortland,Cortland,Whitney Point,,703
171,Delaware,Delaware,Andes,,16
172,Delaware,Delaware,Bainbridge Guilford,,31
173,Delaware,Delaware,Charlotte Valley,,101
174,Delaware,Delaware,Delhi,,144
175,Delaware,Delaware,Deposit,,146
176,Delaware,Delaware,Downsville,,150
177,Delaware,Delaware,Franklin,,203
178,Delaware,Delaware,Gilboa-Conesville,,223
179,Delaware,Delaware,Hancock,,256
180,Delaware,Delaware,Jefferson,,310
181,Delaware,Delaware,Livingston Manor,,349
182,Delaware,Delaware,Margaretville,,375
183,Delaware,Delaware,Oneonta,,464
184,Delaware,Delaware,Roscoe,,545
185,Delaware,Delaware,Roxbury,,547
186,Delaware,Delaware,Sidney,,586
187,Delaware,Delaware,South Kortright,,601
188,Delaware,Delaware,Stamford,,620
189,Delaware,Delaware,Sullivan West,,143
190,Delaware,Delaware,Unatego,,649
191,Delaware,Delaware,Walton,,663
192,Delaware,Delaware,Worcester,,711
193,Dutchess,Dutchess,Arlington,,22
194,Dutchess,Dutchess,Beacon,,40
195,Dutchess,Dutchess,Carmel,,89
196,Dutchess,Dutchess,Dover,,149
197,Dutchess,Dutchess,Haldane,,249
198,Dutchess,Dutchess,Hyde Park,,293
199,Dutchess,Dutchess,Millbrook,,396
200,Dutchess,Dutchess,Pawling,,483
201,Dutchess,Dutchess,Pine Plains,,496
202,Dutchess,Dutchess,Poughkeepsie,,514
203,Dutchess,Dutchess,Red Hook,,526
204,Dutchess,Dutchess,Rhinebeck,,531
205,Dutchess,Dutchess,Spackenkill,,612
206,Dutchess,Dutchess,Taconic Hills,,632
207,Dutchess,Dutchess,Wappingers,,665
208,Dutchess,Dutchess,Webutuck,,680
209,Erie,Erie,Akron,,4
210,Erie,Erie,Alden,,7
211,Erie,Erie,Amherst,,719
212,Erie,Erie,Attica,,24
213,Erie,Erie,Buffalo,,73
214,Erie,Erie,Cheektowaga,,106
215,Erie,Erie,Cheektowaga-Sloan,,589
216,Erie,Erie,Clarence,,114
217,Erie,Erie,Cleveland Hill,,115
218,Erie,Erie,Depew,,145
219,Erie,Erie,East Aurora,,156
220,Erie,Erie,Eden,,171
221,Erie,Erie,Frontier,,210
222,Erie,Erie,Gowanda,,230
223,Erie,Erie,Grand Island,,232
224,Erie,Erie,Hamburg,,251
225,Erie,Erie,Holland,,278
226,Erie,Erie,Iroquois,,300
227,Erie,Erie,Kenmore-Town of Tonawanda,,319
228,Erie,Erie,Lackawanna,,326
229,Erie,Erie,Lake Shore,,330
230,Erie,Erie,Lancaster,,332
231,Erie,Erie,Maryvale,,378
232,Erie,Erie,North Collins,,442
233,Erie,Erie,Orchard Park,,468
234,Erie,Erie,Pioneer,,498
235,Erie,Erie,Silver Creek,,587
236,Erie,Erie,Springville-Griffith Institute,,244
237,Erie,Erie,Sweet Home,,628
238,Erie,Erie,Tonawanda City,,638
239,Erie,Erie,West Seneca,,689
240,Erie,Erie,Williamsville,,706
241,Essex,Essex,AuSable Valley,,26
242,Essex,Essex,Boquet Valley,,179
243,Essex,Essex,Crown Point,,137
244,Essex,Essex,Keene,,317
245,Essex,Essex,Lake Placid,,328
246,Essex,Essex,Minerva,,399
247,Essex,Essex,Moriah,,408
248,Essex,Essex,Newcomb,,434
249,Essex,Essex,Putnam,,517
250,Essex,Essex,Saranac Lake,,561
251,Essex,Essex,Schroon Lake,,573
252,Essex,Essex,Ticonderoga,,636
253,Essex,Essex,Willsboro,,707
254,Franklin,Franklin,AuSable Valley,,26
255,Franklin,Franklin,Brasher Falls,,58
256,Franklin,Franklin,Brushton-Moira,,72
257,Franklin,Franklin,Chateaugay,,102
258,Franklin,Franklin,Malone,,365
259,Franklin,Franklin,Northern Adirondack,,453
260,Franklin,Franklin,Salmon River,,558
261,Franklin,Franklin,Saranac Lake,,561
262,Franklin,Franklin,St. Regis Falls,,619
263,Franklin,Franklin,Tupper Lake,,647
264,Fulton,Fulton,Amsterdam,,15
265,Fulton,Fulton,Broadalbin-Perth,,65
266,Fulton,Fulton,Dolgeville,,148
267,Fulton,Fulton,Edinburg,,173
268,Fulton,Fulton,Fonda-Fultonville,,197
269,Fulton,Fulton,Fort Plain,,201
270,Fulton,Fulton,Galway,,212
271,Fulton,Fulton,Gloversville,,227
272,Fulton,Fulton,Johnstown,,314
273,Fulton,Fulton,Mayfield,,383
274,Fulton,Fulton,Northville,,454
275,Fulton,Fulton,Oppenheim-Ephratah-St.Johnsville,,467
276,Fulton,Fulton,Wheelerville,,698
277,Genesee,Genesee,Akron,,4
278,Genesee,Genesee,Albion,,6
279,Genesee,Genesee,Alden,,7
280,Genesee,Genesee,Alexander,,8
281,Genesee,Genesee,Attica,,24
282,Genesee,Genesee,Batavia,,36
283,Genesee,Genesee,Brockport,,66
284,Genesee,Genesee,Byron Bergen,,75
285,Genesee,Genesee,Caledonia-Mumford,,77
286,Genesee,Genesee,Elba,,177
287,Genesee,Genesee,Iroquois,,300
288,Genesee,Genesee,Le Roy,,338
289,Genesee,Genesee,Medina,,387
290,Genesee,Genesee,Oakfield-Alabama,,458
291,Genesee,Genesee,Pavilion,,482
292,Genesee,Genesee,Pembroke,,487
293,Genesee,Genesee,Royalton-Hartland,,548
294,Genesee,Genesee,Wyoming,,714
295,Greene,Greene,Cairo-Durham,,76
296,Greene,Greene,Catskill,,93
297,Greene,Greene,Coxsackie-Athens,,135
298,Greene,Greene,Gilboa-Conesville,,223
299,Greene,Greene,Greenville,,240
300,Greene,Greene,Hunter-Tannersville,,291
301,Greene,Greene,Margaretville,,375
302,Greene,Greene,Onteora,,466
303,Greene,Greene,Ravena-Coeymans-Selkirk,,524
304,Greene,Greene,Windham-Ashland-Jewett,,709
305,Hamilton,Hamilton,Indian Lake,,296
306,Hamilton,Hamilton,Inlet,,298
307,Hamilton,Hamilton,Lake Pleasant,,329
308,Hamilton,Hamilton,Long Lake,,354
309,Hamilton,Hamilton,Northville,,454
310,Hamilton,Hamilton,Piseco,,499
311,Hamilton,Hamilton,Poland,,506
312,Hamilton,Hamilton,Raquette Lake,,523
313,Hamilton,Hamilton,Wells,,682
314,Herkimer,Herkimer,Adirondack,,2
315,Herkimer,Herkimer,Central Valley,,295
316,Herkimer,Herkimer,Cherry Valley-Springfield,,616
317,Herkimer,Herkimer,Dolgeville,,148
318,Herkimer,Herkimer,Fort Plain,,201
319,Herkimer,Herkimer,Frankfort-Schuyler,,202
320,Herkimer,Herkimer,Herkimer,,268
321,Herkimer,Herkimer,Holland Patent,,279
322,Herkimer,Herkimer,Little Falls,,346
323,Herkimer,Herkimer,Mount Markham,,412
324,Herkimer,Herkimer,New Hartford,,424
325,Herkimer,Herkimer,Oppenheim-Ephratah-St. Johnsville,,467
326,Herkimer,Herkimer,Owen D. Young (Van Hornesville),,474
327,Herkimer,Herkimer,Poland,,506
328,Herkimer,Herkimer,Remsen,,528
329,Herkimer,Herkimer,Richfield Springs,,533
330,Herkimer,Herkimer,Sauquoit Valley,,564
331,Herkimer,Herkimer,Town of Webb,,639
332,Herkimer,Herkimer,West Canada Valley,,685
333,Jefferson,Jefferson,Alexandria,,9
334,Jefferson,Jefferson,Belleville Henderson,,45
335,Jefferson,Jefferson,Carthage,,90
336,Jefferson,Jefferson,Copenhagen,,129
337,Jefferson,Jefferson,General Brown,,217
338,Jefferson,Jefferson,Gouverneur,,229
339,Jefferson,Jefferson,Hammond,,253
340,Jefferson,Jefferson,Indian River,,297
341,Jefferson,Jefferson,LaFargeville,,324
342,Jefferson,Jefferson,Lyme,,356
343,Jefferson,Jefferson,Sackets Harbor,,288
344,Jefferson,Jefferson,Sandy Creek,,559
345,Jefferson,Jefferson,South Jefferson,,600
346,Jefferson,Jefferson,Thousand Islands,,634
347,Jefferson,Jefferson,Watertown,,672
348,Kings,Kings (Brooklyn),Brooklyn,,71
349,Lewis,Lewis,Adirondack,,2
350,Lewis,Lewis,Beaver River,,41
351,Lewis,Lewis,Camden,,79
352,Lewis,Lewis,Carthage,,90
353,Lewis,Lewis,Copenhagen,,129
354,Lewis,Lewis,Harrisville,,261
355,Lewis,Lewis,Lowville Academy and Central,,355
356,Lewis,Lewis,Sandy Creek,,559
357,Lewis,Lewis,South Jefferson,,600
358,Lewis,Lewis,South Lewis,,602
359,Livingston,Livingston,Avon,,29
360,Livingston,Livingston,Caledonia-Mumford,,77
361,Livingston,Livingston,Canaseraga,,83
362,Livingston,Livingston,Dalton-Nunda (Keshequa),,320
363,Livingston,Livingston,Dansville,,140
364,Livingston,Livingston,Geneseo,,218
365,Livingston,Livingston,Honeoye,,282
366,Livingston,Livingston,Honeoye Falls-Lima,,283
367,Livingston,Livingston,Le Roy,,338
368,Livingston,Livingston,Livonia,,350
369,Livingston,Livingston,Mount Morris,,413
370,Livingston,Livingston,Naples,,420
371,Livingston,Livingston,Pavilion,,482
372,Livingston,Livingston,Perry,,490
373,Livingston,Livingston,Wayland-Cohocton,,677
374,Livingston,Livingston,Wheatland-Chili,,697
375,Livingston,Livingston,York,,716
376,Madison,Madison,Brookfield,,70
377,Madison,Madison,Canastota,,84
378,Madison,Madison,Cazenovia,,95
379,Madison,Madison,Chittenango,,111
380,Madison,Madison,DeRuyter,,141
381,Madison,Madison,East Syracuse-Minoa,,167
382,Madison,Madison,Edmeston,,174
383,Madison,Madison,Fabius-Pompey,,187
384,Madison,Madison,Fayetteville-Manlius,,370
385,Madison,Madison,Hamilton,,252
386,Madison,Madison,Madison,,361
387,Madison,Madison,Morrisville-Eaton,,411
388,Madison,Madison,Mount Markham,,412
389,Madison,Madison,Oneida,,463
390,Madison,Madison,Otselic Valley,,606
391,Madison,Madison,Sherburne-Earlville,,582
392,Madison,Madison,Stockbridge Valley,,624
393,Madison,Madison,Unadilla Valley,,422
394,Madison,Madison,Vernon-Verona-Sherrill,,584
395,Madison,Madison,Waterville,,673
396,New York,Manhattan (see New York),Manhattan,,369
397,Monroe,Monroe,Avon,,29
398,Monroe,Monroe,Brighton,,63
399,Monroe,Monroe,Brockport,,66
400,Monroe,Monroe,Byron Bergen,,75
401,Monroe,Monroe,Caledonia-Mumford,,77
402,Monroe,Monroe,Churchville-Chili,,112
403,Monroe,Monroe,East Irondequoit,,160
404,Monroe,Monroe,East Rochester,,165
405,Monroe,Monroe,Fairport,,188
406,Monroe,Monroe,Gates Chili,,216
407,Monroe,Monroe,Greece,,235
408,Monroe,Monroe,Hilton,,276
409,Monroe,Monroe,Holley,,280
410,Monroe,Monroe,Honeoye Falls-Lima,,283
411,Monroe,Monroe,Kendall,,318
412,Monroe,Monroe,Penfield,,488
413,Monroe,Monroe,Pittsford,,500
414,Monroe,Monroe,Rochester,,538
415,Monroe,Monroe,Rush-Henrietta,,549
416,Monroe,Monroe,Spencerport,,614
417,Monroe,Monroe,Victor,,659
418,Monroe,Monroe,Wayne,,678
419,Monroe,Monroe,Webster,,679
420,Monroe,Monroe,West Irondequoit,,299
421,Monroe,Monroe,Wheatland-Chili,,697
422,Montgomery,Montgomery,Amsterdam,,15
423,Montgomery,Montgomery,Broadalbin-Perth,,65
424,Montgomery,Montgomery,Canajoharie,,81
425,Montgomery,Montgomery,Cherry Valley-Springfield,,616
426,Montgomery,Montgomery,Cobleskill-Richmondville,,120
427,Montgomery,Montgomery,Duanesburg,,153
428,Montgomery,Montgomery,Fonda-Fultonville,,197
429,Montgomery,Montgomery,Fort Plain,,201
430,Montgomery,Montgomery,Galway,,212
431,Montgomery,Montgomery,Johnstown,,314
432,Montgomery,Montgomery,Oppenheim-Ephratah-St. Johnsville,,467
433,Montgomery,Montgomery,Owen D. Young (Van Hornesville),,474
434,Montgomery,Montgomery,Schalmont,,568
435,Montgomery,Montgomery,Schoharie,,572
436,Montgomery,Montgomery,Scotia-Glenville,,576
437,Montgomery,Montgomery,Sharon Springs,,579
438,Nassau,Nassau,Amityville,,14
439,Nassau,Nassau,Baldwin,,32
440,Nassau,Nassau,Bellmore,,46
441,Nassau,Nassau,Bellmore-Merrick CHS,Bellmore,46
442,Nassau,Nassau,Bellmore-Merrick CHS,Merrick,389
443,Nassau,Nassau,Bellmore-Merrick CHS,North Bellmore,441
444,Nassau,Nassau,Bellmore-Merrick CHS,North Merrick,444
445,Nassau,Nassau,Bethpage,,52
446,Nassau,Nassau,Carle Place,,88
447,Nassau,Nassau,Cold Spring Harbor,,123
448,Nassau,Nassau,East Meadow,,162
449,Nassau,Nassau,East Rockaway,,166
450,Nassau,Nassau,East Williston,,168
451,Nassau,Nassau,Elmont,,184
452,Nassau,Nassau,Farmingdale,,191
453,Nassau,Nassau,Floral Park-Bellerose,,195
454,Nassau,Nassau,Franklin Square,,204
455,Nassau,Nassau,Freeport,,207
456,Nassau,Nassau,Garden City,,214
457,Nassau,Nassau,Glen Cove,,224
458,Nassau,Nassau,Great Neck,,234
459,Nassau,Nassau,Hempstead,,265
460,Nassau,Nassau,Herricks,,270
461,Nassau,Nassau,Hewlett-Woodmere,,272
462,Nassau,Nassau,Hicksville,,273
463,Nassau,Nassau,Island Park,,302
464,Nassau,Nassau,Island Trees,,303
465,Nassau,Nassau,Jericho,,311
466,Nassau,Nassau,Lawrence,,337
467,Nassau,Nassau,Levittown,,340
468,Nassau,Nassau,Locust Valley,,352
469,Nassau,Nassau,Long Beach,,353
470,Nassau,Nassau,Lynbrook,,357
471,Nassau,Nassau,Malverne,,366
472,Nassau,Nassau,Manhasset,,368
473,Nassau,Nassau,Massapequa,,379
474,Nassau,Nassau,Merrick,,389
475,Nassau,Nassau,Mineola,,398
476,Nassau,Nassau,New Hyde Park-Garden City Park,,425
477,Nassau,Nassau,North Bellmore,,441
478,Nassau,Nassau,North Merrick,,444
479,Nassau,Nassau,North Shore,,448
480,Nassau,Nassau,Oceanside,,459
481,Nassau,Nassau,Oyster Bay-East Norwich,,476
482,Nassau,Nassau,Plainedge,,501
483,Nassau,Nassau,Plainview-Old Bethpage,,502
484,Nassau,Nassau,Port Washington,,511
485,Nassau,Nassau,Rockville Centre,,539
486,Nassau,Nassau,Roosevelt,,544
487,Nassau,Nassau,Roslyn,,546
488,Nassau,Nassau,Seaford,,577
489,Nassau,Nassau,Sewanhaka CHS,Elmont,184
490,Nassau,Nassau,Sewanhaka CHS,Floral Park - Bellrose,195
491,Nassau,Nassau,Sewanhaka CHS,Franklin Square,204
492,Nassau,Nassau,Sewanhaka CHS,New Hyde Park - Garden City,424
493,Nassau,Nassau,Syosset,,630
494,Nassau,Nassau,Uniondale,,652
495,Nassau,Nassau,Valley Stream CHS,Valley Stream 13,655
496,Nassau,Nassau,Valley Stream CHS,Valley Stream 24,656
497,Nassau,Nassau,Valley Stream CHS,Valley Stream 30,657
498,Nassau,Nassau,Wantagh,,664
499,Nassau,Nassau,West Hempstead,,687
500,Nassau,Nassau,Westbury,,691
501,New York,New York (Manhattan),Manhattan,,369
502,Niagara,Niagara,Akron,,4
503,Niagara,Niagara,Barker,,35
504,Niagara,Niagara,Lewiston-Porter,,341
505,Niagara,Niagara,Lockport,,351
506,Niagara,Niagara,Medina,,387
507,Niagara,Niagara,Newfane,,435
508,Niagara,Niagara,Niagara Falls,,437
509,Niagara,Niagara,Niagara Wheatfield,,438
510,Niagara,Niagara,North Tonawanda,,450
511,Niagara,Niagara,Royalton-Hartland,,548
512,Niagara,Niagara,Starpoint,,621
513,Niagara,Niagara,Wilson,,708
514,Oneida,Oneida,Adirondack,,2
515,Oneida,Oneida,Brookfield,,70
516,Oneida,Oneida,Camden,,79
517,Oneida,Oneida,Central Square,,98
518,Oneida,Oneida,Clinton,,117
519,Oneida,Oneida,Holland Patent,,279
520,Oneida,Oneida,Madison,,361
521,Oneida,Oneida,Mount Markham,,412
522,Oneida,Oneida,New Hartford,,424
523,Oneida,Oneida,New York Mills,,430
524,Oneida,Oneida,Oneida,,463
525,Oneida,Oneida,Oriskany,,469
526,Oneida,Oneida,Poland,,506
527,Oneida,Oneida,Remsen,,528
528,Oneida,Oneida,Rome,,541
529,Oneida,Oneida,Sauquoit Valley,,564
530,Oneida,Oneida,Stockbridge Valley,,624
531,Oneida,Oneida,Town of Webb,,639
532,Oneida,Oneida,Utica,,653
533,Oneida,Oneida,Vernon-Verona-Sherrill,,584
534,Oneida,Oneida,Waterville,,673
535,Oneida,Oneida,West Canada Valley,,685
536,Oneida,Oneida,Westmoreland,,695
537,Oneida,Oneida,Whitesboro,,701
538,Onondaga,Onondaga,Baldwinsville,,33
539,Onondaga,Onondaga,Cato Meridian,,92
540,Onondaga,Onondaga,Cazenovia,,95
541,Onondaga,Onondaga,Central Square,,98
542,Onondaga,Onondaga,Chittenango,,111
543,Onondaga,Onondaga,DeRuyter,,141
544,Onondaga,Onondaga,East Syracuse-Minoa,,167
545,Onondaga,Onondaga,Fabius-Pompey,,187
546,Onondaga,Onondaga,Fayetteville-Manlius,,370
547,Onondaga,Onondaga,Homer,,281
548,Onondaga,Onondaga,Jamesville-Dewitt,,307
549,Onondaga,Onondaga,Jordan Elbridge,,315
550,Onondaga,Onondaga,LaFayette,,325
551,Onondaga,Onondaga,Liverpool,,348
552,Onondaga,Onondaga,Lyncourt,,358
553,Onondaga,Onondaga,Marcellus,,373
554,Onondaga,Onondaga,Moravia,,407
555,Onondaga,Onondaga,North Syracuse,,449
556,Onondaga,Onondaga,Onondaga,,465
557,Onondaga,Onondaga,Phoenix,,494
558,Onondaga,Onondaga,Skaneateles,,588
559,Onondaga,Onondaga,Solvay,,593
560,Onondaga,Onondaga,Syracuse,,631
561,Onondaga,Onondaga,Tully,,646
562,Onondaga,Onondaga,West Genesee,,686
563,Onondaga,Onondaga,Westhill,,694
564,Ontario,Ontario,Bloomfield,,157
565,Ontario,Ontario,Canandaigua,,82
566,Ontario,Ontario,Geneva,,219
567,Ontario,Ontario,Honeoye,,282
568,Ontario,Ontario,Honeoye Falls-Lima,,283
569,Ontario,Ontario,Livonia,,350
570,Ontario,Ontario,Lyons,,360
571,Ontario,Ontario,Manchester-Shortsville (Red Jacket),,527
572,Ontario,Ontario,Marcus Whitman,,374
573,Ontario,Ontario,Naples,,420
574,Ontario,Ontario,Newark,,431
575,Ontario,Ontario,Palmyra-Macedon,,478
576,Ontario,Ontario,Penn Yan,,489
577,Ontario,Ontario,Phelps-Clifton Springs (Midlakes),,493
578,Ontario,Ontario,Pittsford,,500
579,Ontario,Ontario,Victor,,659
580,Ontario,Ontario,Wayland-Cohocton,,677
581,Orange,Orange,Chester,,110
582,Orange,Orange,Cornwall,,133
583,Orange,Orange,Eldred,,178
584,Orange,Orange,Florida,,196
585,Orange,Orange,Goshen,,228
586,Orange,Orange,Greenwood Lake,,243
587,Orange,Orange,Highland Falls-Fort Montgomery,,275
588,Orange,Orange,Kiryas Joel Village,,725
589,Orange,Orange,Marlboro,,377
590,Orange,Orange,Middletown,,394
591,Orange,Orange,Minisink Valley,,400
592,Orange,Orange,Monroe-Woodbury,,403
593,Orange,Orange,Newburgh,,433
594,Orange,Orange,North Rockland,,445
595,Orange,Orange,Pine Bush,,495
596,Orange,Orange,Port Jervis,,510
597,Orange,Orange,Ramapo,,626
598,Orange,Orange,Tuxedo,,648
599,Orange,Orange,Valley,,405
600,Orange,Orange,Wallkill,,662
601,Orange,Orange,Warwick Valley,,668
602,Orange,Orange,Washingtonville,,669
603,Orleans,Orleans,Albion,,6
604,Orleans,Orleans,Barker,,35
605,Orleans,Orleans,Brockport,,66
606,Orleans,Orleans,Byron-Bergen,,75
607,Orleans,Orleans,Holley,,280
608,Orleans,Orleans,Kendall,,318
609,Orleans,Orleans,Lyndonville,,359
610,Orleans,Orleans,Medina,,387
611,Orleans,Orleans,Oakfield-Alabama,,458
612,Orleans,Orleans,Royalton-Hartland,,548
613,Oswego,Oswego,Altmar-Parish-Williamstown,,12
614,Oswego,Oswego,Camden,,79
615,Oswego,Oswego,Cato-Meridian,,92
616,Oswego,Oswego,Central Square,,98
617,Oswego,Oswego,Fulton,,211
618,Oswego,Oswego,Hannibal,,257
619,Oswego,Oswego,Mexico Academy and Central,,390
620,Oswego,Oswego,Oswego,,472
621,Oswego,Oswego,Phoenix,,494
622,Oswego,Oswego,Pulaski Academy and Central,,516
623,Oswego,Oswego,Sandy Creek,,559
624,Oswego,Oswego,South Jefferson,,600
625,Otsego,Otsego,Bainbridge-Guilford,,31
626,Otsego,Otsego,Charlotte Valley,,101
627,Otsego,Otsego,Cherry Valley-Springfield,,616
628,Otsego,Otsego,Cobleskill-Richmondville,,120
629,Otsego,Otsego,Cooperstown,,128
630,Otsego,Otsego,Edmeston,,174
631,Otsego,Otsego,Franklin,,203
632,Otsego,Otsego,Gilbertsville-Mount Upton,,222
633,Otsego,Otsego,Laurens,,336
634,Otsego,Otsego,Milford,,395
635,Otsego,Otsego,Morris,,409
636,Otsego,Otsego,Mount Markham,,412
637,Otsego,Otsego,Oneonta,,464
638,Otsego,Otsego,Owen D. Young (Van Hornesville),,474
639,Otsego,Otsego,Richfield Springs,,533
640,Otsego,Otsego,Schenevus,,570
641,Otsego,Otsego,Sharon Springs,,579
642,Otsego,Otsego,Sidney,,586
643,Otsego,Otsego,Unadilla Valley,,422
644,Otsego,Otsego,Unatego,,649
645,Otsego,Otsego,Worcester,,711
646,Putnam,Putnam,Brewster,,60
647,Putnam,Putnam,Carmel,,89
648,Putnam,Putnam,Garrison,,215
649,Putnam,Putnam,Haldane,,249
650,Putnam,Putnam,Lakeland,,331
651,Putnam,Putnam,Mahopac,,363
652,Putnam,Putnam,North Salem,,447
653,Putnam,Putnam,Pawling,,483
654,Putnam,Putnam,Putnam Valley,,518
655,Putnam,Putnam,Wappingers,,665
656,Queens,Queens,Queens,,519
657,Rensselaer,Rensselaer,Averill Park,,27
658,Rensselaer,Rensselaer,Berlin,,49
659,Rensselaer,Rensselaer,Brunswick (Brittonkill),,64
660,Rensselaer,Rensselaer,Cambridge,,78
661,Rensselaer,Rensselaer,East Greenbush,,158
662,Rensselaer,Rensselaer,Hoosic Falls,,285
663,Rensselaer,Rensselaer,Hoosick Valley,,284
664,Rensselaer,Rensselaer,Ichabod Crane,,294
665,Rensselaer,Rensselaer,Lansingburgh,,334
666,Rensselaer,Rensselaer,Mechanicville,,386
667,Rensselaer,Rensselaer,New Lebanon,,426
668,Rensselaer,Rensselaer,North Greenbush (Williams),,704
669,Rensselaer,Rensselaer,Rensselaer,,530
670,Rensselaer,Rensselaer,Schodack,,571
671,Rensselaer,Rensselaer,Stillwater,,623
672,Rensselaer,Rensselaer,Troy,,642
673,Rensselaer,Rensselaer,Wynantskill,,713
674,Richmond,Richmond (Staten Island),Richmond (Staten Island),,622
675,Rockland,Rockland,Clarkstown,,423
676,Rockland,Rockland,East Ramapo,,615
677,Rockland,Rockland,Nanuet,,419
678,Rockland,Rockland,North Rockland,,445
679,Rockland,Rockland,Nyack,,457
680,Rockland,Rockland,Pearl River,,484
681,Rockland,Rockland,Ramapo,,626
682,Rockland,Rockland,South Orangetown,,605
683,Saratoga,Saratoga,Amsterdam,,15
684,Saratoga,Saratoga,Ballston Spa,,34
685,Saratoga,Saratoga,Broadalbin-Perth,,65
686,Saratoga,Saratoga,Burnt Hills-Ballston Lake,,74
687,Saratoga,Saratoga,Corinth,,131
688,Saratoga,Saratoga,Edinburg,,173
689,Saratoga,Saratoga,Galway,,212
690,Saratoga,Saratoga,Hadley Luzerne,,247
691,Saratoga,Saratoga,Hudson Falls,,290
692,Saratoga,Saratoga,Mechanicville,,386
693,Saratoga,Saratoga,Niskayuna,,439
694,Saratoga,Saratoga,Northville,,454
695,Saratoga,Saratoga,Saratoga Springs,,562
696,Saratoga,Saratoga,Schuylerville,,574
697,Saratoga,Saratoga,Scotia Glenville,,576
698,Saratoga,Saratoga,Shenendehowa,,581
699,Saratoga,Saratoga,South Glens Falls,,597
700,Saratoga,Saratoga,Stillwater,,623
701,Saratoga,Saratoga,Waterford-Halfmoon,,670
702,Schenectady,Schenectady,Amsterdam,,15
703,Schenectady,Schenectady,Burnt Hills-Ballston Lake,,74
704,Schenectady,Schenectady,Duanesburg,,153
705,Schenectady,Schenectady,Galway,,212
706,Schenectady,Schenectady,Mohonasen,,402
707,Schenectady,Schenectady,Niskayuna,,439
708,Schenectady,Schenectady,Schalmont,,568
709,Schenectady,Schenectady,Schenectady,,569
710,Schenectady,Schenectady,Schoharie,,572
711,Schenectady,Schenectady,Scotia-Glenville,,576
712,Schenectady,Schenectady,South Colonie,,595
713,Schoharie,Schoharie,Berne-Knox-Westerlo,,50
714,Schoharie,Schoharie,Cairo-Durham,,76
715,Schoharie,Schoharie,Canajoharie,,81
716,Schoharie,Schoharie,Charlotte Valley,,101
717,Schoharie,Schoharie,Cobleskill-Richmondville,,120
718,Schoharie,Schoharie,Duanesburg,,153
719,Schoharie,Schoharie,Fonda-Fultonville,,197
720,Schoharie,Schoharie,Gilboa-Conesville,,223
721,Schoharie,Schoharie,Greenville,,240
722,Schoharie,Schoharie,Jefferson,,310
723,Schoharie,Schoharie,Middleburgh,,393
724,Schoharie,Schoharie,Schoharie,,572
725,Schoharie,Schoharie,Sharon Springs,,579
726,Schoharie,Schoharie,Stamford,,620
727,Schuyler,Schuyler,Bradford,,57
728,Schuyler,Schuyler,Corning-Painted Post,,132
729,Schuyler,Schuyler,Dundee,,154
730,Schuyler,Schuyler,Hammondsport,,254
731,Schuyler,Schuyler,Horseheads,,287
732,Schuyler,Schuyler,Odessa Montour,,460
733,Schuyler,Schuyler,South Seneca,,607
734,Schuyler,Schuyler,Spencer-Van Etten,,613
735,Schuyler,Schuyler,Trumansburg,,643
736,Schuyler,Schuyler,Watkins Glen,,675
737,Seneca,Seneca,Clyde-Savannah,,118
738,Seneca,Seneca,Geneva,,219
739,Seneca,Seneca,Lyons,,360
740,Seneca,Seneca,Phelps-Clifton Springs (Midlakes),,493
741,Seneca,Seneca,Romulus,,542
742,Seneca,Seneca,Seneca Falls,,578
743,Seneca,Seneca,South Seneca,,607
744,Seneca,Seneca,Trumansburg,,643
745,Seneca,Seneca,Waterloo,,671
746,St. Lawrence,St. Lawrence,Alexandria,,9
747,St. Lawrence,St. Lawrence,Brasher Falls,,58
748,St. Lawrence,St. Lawrence,Brushton-Moira,,72
749,St. Lawrence,St. Lawrence,Canton,,87
750,St. Lawrence,St. Lawrence,Clifton-Fine,,116
751,St. Lawrence,St. Lawrence,Colton-Pierrepont,,124
752,St. Lawrence,St. Lawrence,Edwards-Knox,,724
753,St. Lawrence,St. Lawrence,Gouverneur,,229
754,St. Lawrence,St. Lawrence,Hammond,,253
755,St. Lawrence,St. Lawrence,Harrisville,,261
756,St. Lawrence,St. Lawrence,Hermon-Dekalb,,269
757,St. Lawrence,St. Lawrence,Heuvelton,,271
758,St. Lawrence,St. Lawrence,Indian River,,297
759,St. Lawrence,St. Lawrence,Lisbon,,345
760,St. Lawrence,St. Lawrence,Madrid-Waddington,,362
761,St. Lawrence,St. Lawrence,Massena,,380
762,St. Lawrence,St. Lawrence,Morristown,,410
763,St. Lawrence,St. Lawrence,Norwood-Norfolk,,456
764,St. Lawrence,St. Lawrence,Ogdensburg,,461
765,St. Lawrence,St. Lawrence,Parishville-Hopkinton,,480
766,St. Lawrence,St. Lawrence,Potsdam,,513
767,St. Lawrence,St. Lawrence,Salmon River,,558
768,St. Lawrence,St. Lawrence,St. Regis Falls,,619
769,St. Lawrence,St. Lawrence,Tupper Lake,,647
770,Steuben,Steuben,Addison,,1
771,Steuben,Steuben,Alfred-Almond,,10
772,Steuben,Steuben,Andover,,17
773,Steuben,Steuben,Arkport,,21
774,Steuben,Steuben,Avoca,,28
775,Steuben,Steuben,Bath,,37
776,Steuben,Steuben,Bradford,,57
777,Steuben,Steuben,Campbell-Savona,,80
778,Steuben,Steuben,Canaseraga,,83
779,Steuben,Steuben,Canisteo-Greenwood,,86
780,Steuben,Steuben,Corning-Painted Post,,132
781,Steuben,Steuben,Dansville,,140
782,Steuben,Steuben,Elmira,,182
783,Steuben,Steuben,Hammondsport,,254
784,Steuben,Steuben,Hornell,,286
785,Steuben,Steuben,Jasper-Troupsburg,,308
786,Steuben,Steuben,Naples,,420
787,Steuben,Steuben,Penn Yan,,489
788,Steuben,Steuben,Prattsburg,,515
789,Steuben,Steuben,Wayland-Cohocton,,677
790,Steuben,Steuben,Whitesville,,702
791,Suffolk,Suffolk,Amagansett,,13
792,Suffolk,Suffolk,Amityville,,14
793,Suffolk,Suffolk,Babylon,,30
794,Suffolk,Suffolk,Bay Shore,,38
795,Suffolk,Suffolk,Bayport-Blue Point,,39
796,Suffolk,Suffolk,Brentwood,,59
797,Suffolk,Suffolk,Bridgehampton,,62
798,Suffolk,Suffolk,Center Moriches,,96
799,Suffolk,Suffolk,Central Islip,,97
800,Suffolk,Suffolk,Cold Spring Harbor,,123
801,Suffolk,Suffolk,Commack,,125
802,Suffolk,Suffolk,Comsewogue,,126
803,Suffolk,Suffolk,Connetquot,,127
804,Suffolk,Suffolk,Copiague,,130
805,Suffolk,Suffolk,Deer Park,,142
806,Suffolk,Suffolk,East Hampton,,159
807,Suffolk,Suffolk,East Islip,,161
808,Suffolk,Suffolk,East Moriches,,163
809,Suffolk,Suffolk,East Quogue,,164
810,Suffolk,Suffolk,Eastport/South Manor,,170
811,Suffolk,Suffolk,Elwood,,186
812,Suffolk,Suffolk,Farmingdale,,191
813,Suffolk,Suffolk,Fire Island,,193
814,Suffolk,Suffolk,Fishers Island,,194
815,Suffolk,Suffolk,Greenport,,239
816,Suffolk,Suffolk,Half Hollow Hills,,250
817,Suffolk,Suffolk,Hampton Bays,,255
818,Suffolk,Suffolk,Harborfields,,258
819,Suffolk,Suffolk,Hauppauge,,264
820,Suffolk,Suffolk,Huntington,,292
821,Suffolk,Suffolk,Islip,,304
822,Suffolk,Suffolk,Kings Park,,321
823,Suffolk,Suffolk,Lindenhurst,,344
824,Suffolk,Suffolk,Longwood,,392
825,Suffolk,Suffolk,Mattituck-Cutchogue,,382
826,Suffolk,Suffolk,Middle Country,,391
827,Suffolk,Suffolk,Miller Place,,397
828,Suffolk,Suffolk,Montauk,,404
829,Suffolk,Suffolk,Mount Sinai,,414
830,Suffolk,Suffolk,New Suffolk,,429
831,Suffolk,Suffolk,North Babylon,,440
832,Suffolk,Suffolk,Northport-East Northport,,452
833,Suffolk,Suffolk,Oysterponds,,477
834,Suffolk,Suffolk,Patchogue-Medford,,481
835,Suffolk,Suffolk,Port Jefferson,,509
836,Suffolk,Suffolk,Quogue,,521
837,Suffolk,Suffolk,Remsenburg-Speonk,,529
838,Suffolk,Suffolk,Riverhead,,537
839,Suffolk,Suffolk,Rocky Point,,540
840,Suffolk,Suffolk,Sachem,,553
841,Suffolk,Suffolk,Sag Harbor,,554
842,Suffolk,Suffolk,Sagaponack,,555
843,Suffolk,Suffolk,Sayville,,566
844,Suffolk,Suffolk,Shelter Island,,580
845,Suffolk,Suffolk,Shoreham-Wading River,,585
846,Suffolk,Suffolk,Smithtown,,590
847,Suffolk,Suffolk,South Country,,596
848,Suffolk,Suffolk,South Huntington,,599
849,Suffolk,Suffolk,Southampton,,608
850,Suffolk,Suffolk,Southold,,610
851,Suffolk,Suffolk,Springs,,617
852,Suffolk,Suffolk,Three Village,,635
853,Suffolk,Suffolk,Tuckahoe Common,,645
854,Suffolk,Suffolk,Wainscott,,661
855,Suffolk,Suffolk,West Babylon,,684
856,Suffolk,Suffolk,West Islip,,688
857,Suffolk,Suffolk,Westhampton Beach,,693
858,Suffolk,Suffolk,William Floyd,,381
859,Suffolk,Suffolk,Wyandanch,,712
860,Sullivan,Sullivan,Eldred,,178
861,Sullivan,Sullivan,Ellenville,,180
862,Sullivan,Sullivan,Fallsburgh,,190
863,Sullivan,Sullivan,Liberty,,342
864,Sullivan,Sullivan,Livingston Manor,,349
865,Sullivan,Sullivan,Minisink Valley,,400
866,Sullivan,Sullivan,Monticello,,406
867,Sullivan,Sullivan,Pine Bush,,495
868,Sullivan,Sullivan,Port Jervis,,510
869,Sullivan,Sullivan,Roscoe,,545
870,Sullivan,Sullivan,Sullivan West,,143
871,Sullivan,Sullivan,Tri-Valley,,640
872,Tioga,Tioga,Candor,,85
873,Tioga,Tioga,Dryden,,152
874,Tioga,Tioga,Ithaca,,305
875,Tioga,Tioga,Maine-Endwell,,364
876,Tioga,Tioga,Marathon,,372
877,Tioga,Tioga,Newark Valley,,432
878,Tioga,Tioga,Owego Apalachin,,473
879,Tioga,Tioga,Spencer-Van Etten,,613
880,Tioga,Tioga,Tioga,,637
881,Tioga,Tioga,Union-Endicott,,651
882,Tioga,Tioga,Vestal,,658
883,Tioga,Tioga,Waverly,,676
884,Tioga,Tioga,Whitney Point,,703
885,Tompkins,Tompkins,Candor,,85
886,Tompkins,Tompkins,Cortland,,134
887,Tompkins,Tompkins,Dryden,,152
888,Tompkins,Tompkins,Groton,,245
889,Tompkins,Tompkins,Homer,,281
890,Tompkins,Tompkins,Ithaca,,305
891,Tompkins,Tompkins,Lansing,,333
892,Tompkins,Tompkins,Moravia,,407
893,Tompkins,Tompkins,Newark Valley,,432
894,Tompkins,Tompkins,Newfield,,436
895,Tompkins,Tompkins,Odessa-Montour,,460
896,Tompkins,Tompkins,Southern Cayuga,,609
897,Tompkins,Tompkins,Spencer-Van Etten,,613
898,Tompkins,Tompkins,Trumansburg,,643
899,Ulster,Ulster,Ellenville,,180
900,Ulster,Ulster,Fallsburgh,,190
901,Ulster,Ulster,Highland,,274
902,Ulster,Ulster,Kingston,,322
903,Ulster,Ulster,Livingston Manor,,349
904,Ulster,Ulster,Margaretville,,375
905,Ulster,Ulster,Marlboro,,377
906,Ulster,Ulster,New Paltz,,427
907,Ulster,Ulster,Onteora,,466
908,Ulster,Ulster,Pine Bush,,495
909,Ulster,Ulster,Rondout Valley,,543
910,Ulster,Ulster,Saugerties,,563
911,Ulster,Ulster,Tri-Valley,,640
912,Ulster,Ulster,Valley,,405
913,Ulster,Ulster,Wallkill,,662
914,Warren,Warren,Abraham Wing,,226
915,Warren,Warren,Bolton,,55
916,Warren,Warren,Corinth,,131
917,Warren,Warren,Glens Falls,,225
918,Warren,Warren,Hadley-Luzerne,,247
919,Warren,Warren,Hudson Falls,,290
920,Warren,Warren,Johnsburg,,312
921,Warren,Warren,Lake George,,327
922,Warren,Warren,Minerva,,399
923,Warren,Warren,North Warren,,451
924,Warren,Warren,Queensbury,,520
925,Warren,Warren,Schroon Lake,,573
926,Warren,Warren,Ticonderoga,,636
927,Warren,Warren,Warrensburg,,666
928,Washington,Washington,Argyle,,20
929,Washington,Washington,Cambridge,,78
930,Washington,Washington,Fort Ann,,199
931,Washington,Washington,Fort Edward,,200
932,Washington,Washington,Granville,,233
933,Washington,Washington,Greenwich,,241
934,Washington,Washington,Hartford,,262
935,Washington,Washington,Hoosic Valley,,284
936,Washington,Washington,Hoosick Falls,,285
937,Washington,Washington,Hudson Falls,,290
938,Washington,Washington,Lake George,,327
939,Washington,Washington,Putnam,,517
940,Washington,Washington,Salem,,557
941,Washington,Washington,Schuylerville,,574
942,Washington,Washington,Stillwater,,623
943,Washington,Washington,Whitehall,,700
944,Wayne,Wayne,Cato-Meridian,,92
945,Wayne,Wayne,Clyde-Savannah,,118
946,Wayne,Wayne,Gananda,,213
947,Wayne,Wayne,Lyons,,360
948,Wayne,Wayne,Marion,,376
949,Wayne,Wayne,Newark,,431
950,Wayne,Wayne,North Rose-Wolcott,,446
951,Wayne,Wayne,Palmyra-Macedon,,478
952,Wayne,Wayne,Penfield,,488
953,Wayne,Wayne,Phelps-Clifton Springs (Midlakes),,493
954,Wayne,Wayne,Port Byron,,507
955,Wayne,Wayne,Red Creek,,525
956,Wayne,Wayne,Sodus,,592
957,Wayne,Wayne,Victor,,659
958,Wayne,Wayne,Wayne,,678
959,Wayne,Wayne,Webster,,679
960,Wayne,Wayne,Williamson,,705
961,Westchester,Westchester,Ardsley,,19
962,Westchester,Westchester,Bedford,,42
963,Westchester,Westchester,Blind Brook,,535
964,Westchester,Westchester,Briarcliff Manor,,61
965,Westchester,Westchester,Bronxville,,69
966,Westchester,Westchester,Byram Hills,,23
967,Westchester,Westchester,Chappaqua,,100
968,Westchester,Westchester,Croton-Harmon,,136
969,Westchester,Westchester,Dobbs Ferr,,147
970,Westchester,Westchester,Eastchester,,169
971,Westchester,Westchester,Edgemont,,172
972,Westchester,Westchester,Elmsford,,185
973,Westchester,Westchester,Greenburgh Central 7,,237
974,Westchester,Westchester,Harrison,,260
975,Westchester,Westchester,Hastings-on-Hudson,,263
976,Westchester,Westchester,Hendrick Hudson,,267
977,Westchester,Westchester,Irvington,,301
978,Westchester,Westchester,Katonah-Lewisboro,,316
979,Westchester,Westchester,Lakeland,,331
980,Westchester,Westchester,Mamaroneck,,367
981,Westchester,Westchester,Mount Pleasant,,417
982,Westchester,Westchester,Mount Vernon,,416
983,Westchester,Westchester,New Rochelle,,428
984,Westchester,Westchester,North Salem,,447
985,Westchester,Westchester,Ossining,,471
986,Westchester,Westchester,Peekskill,,485
987,Westchester,Westchester,Pelham,,486
988,Westchester,Westchester,Pleasantville,,504
989,Westchester,Westchester,Pocantico Hills,,505
990,Westchester,Westchester,Port Chester,,508
991,Westchester,Westchester,Putnam Valley,,518
992,Westchester,Westchester,Rye,,551
993,Westchester,Westchester,Rye Neck,,552
994,Westchester,Westchester,Scarsdale,,567
995,Westchester,Westchester,Somers,,594
996,Westchester,Westchester,Tarrytowns,,633
997,Westchester,Westchester,Tuckahoe Union Free,,644
998,Westchester,Westchester,Valhalla,,654
999,Westchester,Westchester,White Plains,,699
1000,Westchester,Westchester,Yonkers,,715
1001,Westchester,Westchester,Yorktown,,717
1002,Wyoming,Wyoming,Alden,,7
1003,Wyoming,Wyoming,Alexander,,8
1004,Wyoming,Wyoming,Attica,,24
1005,Wyoming,Wyoming,Dalton-Nunda (Keshequa),,320
1006,Wyoming,Wyoming,Fillmore,,192
1007,Wyoming,Wyoming,Holland,,278
1008,Wyoming,Wyoming,Iroquois,,300
1009,Wyoming,Wyoming,Letchworth,,339
1010,Wyoming,Wyoming,Pavilion,,482
1011,Wyoming,Wyoming,Perry,,490
1012,Wyoming,Wyoming,Pioneer,,498
1013,Wyoming,Wyoming,Warsaw,,667
1014,Wyoming,Wyoming,Wyoming,,714
1015,Wyoming,Wyoming,York,,716
1016,Yates,Yates,Dundee,,154
1017,Yates,Yates,Geneva,,219
1018,Yates,Yates,Marcus Whitman,,374
1019,Yates,Yates,Naples,,420
1020,Yates,Yates,Penn Yan,,489
1021,Yates,Yates,Prattsburg,,515